Date,realized_vol_proxy,garch_forecast,baseline_forecast,garch_error,baseline_error
2023-10-18,1.341466657426145,0.7644506623448527,0.7447234167223601,-0.5770159950812922,-0.5967432407037848
2023-10-19,0.8825353023097011,0.7644506623448527,0.7722861654230831,-0.11808463996484841,-0.11024913688661797
2023-10-20,1.2364174862441184,0.7644506623448527,0.7843966766860805,-0.4719668238992657,-0.4520208095580379
2023-10-23,0.1734658377091991,0.7644506623448527,0.8078615990045107,0.5909848246356536,0.6343957612953116
2023-10-24,0.7511038454311865,0.7644506623448527,0.7924900016103372,0.013346816913666237,0.04138615617915076
2023-10-25,1.4456182027400664,0.9320889803088188,0.8082939190112425,-0.5135292224312475,-0.6373242837288239
2023-10-26,1.20468888813264,0.9320889803088188,0.8395960490464365,-0.27259990782382126,-0.3650928390862036
2023-10-27,0.4542965837289336,0.9320889803088188,0.8333780343289088,0.4777923965798852,0.37908145059997517
2023-10-30,1.1884738553441896,0.9320889803088188,0.8154591783339578,-0.2563848750353708,-0.37301467701023183
2023-10-31,0.6260832234906141,0.9320889803088188,0.8555623442232564,0.30600575681820474,0.22947912073264232
2023-11-01,1.0608151112999182,1.0052024028999984,0.8693283232720204,-0.05561270839991983,-0.19148678802789787
2023-11-02,1.898316480812128,1.0052024028999984,0.8868923827631381,-0.8931140779121296,-1.01142409804899
2023-11-03,0.9081867824073572,1.0052024028999984,0.9115167180809203,0.09701562049264123,0.0033299356735631003
2023-11-06,0.2297848128515139,1.0052024028999984,0.9254519204461878,0.7754175900484845,0.695667107594674
2023-11-07,0.2842148197017886,1.0052024028999984,0.9233627056556203,0.7209875831982098,0.6391478859538318
2023-11-08,0.0732071353643739,0.9531242177703112,0.8792257226626271,0.8799170824059372,0.8060185872982533
2023-11-09,0.7829398676411371,0.9531242177703112,0.8791873708186537,0.1701843501291741,0.09624750317751662
2023-11-10,1.5484357898932284,0.9531242177703112,0.8880175455013485,-0.5953115721229172,-0.6604182443918799
2023-11-13,0.0953778993918764,0.9531242177703112,0.9276025977945833,0.8577463183784348,0.832224698402707
2023-11-14,1.9215188987939311,0.9531242177703112,0.9279488318555099,-0.9683946810236199,-0.9935700669384212
2023-11-15,0.2114567108583223,1.1791574616389795,0.9440223041904537,0.9677007507806572,0.7325655933321314
2023-11-16,0.1222555144886774,1.1791574616389795,0.9389547118236742,1.056901947150302,0.8166991973349967
2023-11-17,0.1243049783076487,1.1791574616389795,0.938066020787088,1.0548524833313309,0.8137610424794393
2023-11-20,0.7668080089087327,1.1791574616389795,0.9194929283432889,0.4123494527302468,0.1526849194345562
2023-11-21,0.2182011524532829,1.1791574616389795,0.9220910714070304,0.9609563091856966,0.7038899189537475
2023-11-22,0.3853608689301028,0.8065043754183316,0.9221595756642936,0.42114350648822885,0.5367987067341908
2023-11-24,0.0615071276356298,0.8065043754183316,0.9219345766712342,0.7449972477827018,0.8604274490356044
2023-11-27,0.1802523214918668,0.8065043754183316,0.9111450636363624,0.6262520539264649,0.7308927421444956
2023-11-28,0.0989652740179989,0.8065043754183316,0.9049967375960044,0.7075391014003327,0.8060314635780055
2023-11-29,0.0703610783534767,0.8065043754183316,0.8898613324653514,0.7361432970648549,0.8195002541118747
2023-11-30,0.3929557239648151,0.5978738881835294,0.8903142723169307,0.20491816421871428,0.4973585483521156
2023-12-01,0.5898571591790132,0.5978738881835294,0.84606523014007,0.008016729004516221,0.2562080709610568
2023-12-04,0.5263241339572857,0.5978738881835294,0.823693944095935,0.07154975422624366,0.29736981013864927
2023-12-05,0.0197144951878703,0.5978738881835294,0.7891003294082172,0.5781593929956591,0.7693858342203469
2023-12-06,0.403791323216619,0.5978738881835294,0.7866179513653625,0.1940825649669104,0.3828266281487435
2023-12-07,0.7601393296371962,0.6150732055826855,0.7907562752346788,-0.1450661240545107,0.030616945597482625
2023-12-08,0.4290169755666185,0.6150732055826855,0.7291152745398156,0.18605623001606703,0.3000982989731971
2023-12-11,0.3881712400901704,0.6150732055826855,0.6707674187439904,0.22690196549251512,0.28259617865382
2023-12-12,0.4557019062631744,0.6150732055826855,0.6527044820973071,0.1593712993195111,0.19700257583413272
2023-12-13,1.369584568870248,0.6150732055826855,0.6353681750718881,-0.7545113632875624,-0.7342163937983598
2023-12-14,0.3204293240966135,0.8042096482826299,0.6598124604566789,0.48378032418601635,0.33938313636006534
2023-12-15,0.164801970615235,0.8042096482826299,0.6476994663710706,0.6394076776673949,0.48289749575583557
2023-12-18,0.5609459994911083,0.8042096482826299,0.5862356046025597,0.24326364879152151,0.025289605111451396
2023-12-19,0.6062399349302928,0.8042096482826299,0.5771575737536272,0.19796971335233704,-0.029082361176665628
2023-12-20,1.3954104579225075,0.8042096482826299,0.5799392960966963,-0.5912008096398776,-0.8154711618258113
2023-12-21,0.9437141394985028,0.922880066365191,0.6574435932084098,-0.02083407313331176,-0.28627054629009296
2023-12-22,0.2007646898335441,0.922880066365191,0.6687440186213638,0.7221153765316469,0.46797932878781967
2023-12-26,0.4213843717159928,0.922880066365191,0.6386036180489565,0.5014956946491982,0.2172192463329637
2023-12-27,0.1806402232375962,0.922880066365191,0.5946381454364983,0.7422398431275948,0.4139979221989021
2023-12-28,0.0377509003798542,0.922880066365191,0.590936716188616,0.8851291659853369,0.5531858158087618
2023-12-29,0.2899052795052589,0.6799179041644245,0.5039281268807424,0.39001262465916564,0.2140228473754835
2024-01-02,0.5612035397547732,0.6799179041644245,0.5122927166676825,0.11871436440965133,-0.048910823087090716
2024-01-03,0.8200411288051548,0.6799179041644245,0.5306569035334244,-0.14012322464073024,-0.28938422527173036
2024-01-04,0.3226140010826053,0.6799179041644245,0.5609417912108657,0.35730390308181925,0.23832779012826044
2024-01-05,0.1368865875248253,0.6799179041644245,0.5544580313450491,0.5430313166395992,0.4175714438202238
2024-01-08,1.4174841714098754,0.6802319568399676,0.5510409133990651,-0.7372522145699077,-0.8664432580108102
2024-01-09,0.1518213681543528,0.6802319568399676,0.5983963376599755,0.5284105886856149,0.4465749695056227
2024-01-10,0.5639532812858045,0.6802319568399676,0.600795148783742,0.11627867555416316,0.0368418674979375
2024-01-11,0.0440770135484529,0.6802319568399676,0.6021874588751328,0.6361549432915147,0.5581104453266799
2024-01-12,0.0692410258194678,0.6802319568399676,0.6033477512925803,0.6109909310204998,0.5341067254731126
2024-01-16,0.3677930541875837,0.6670206408435592,0.6019919532773509,0.2992275866559755,0.2341988990897672
2024-01-17,0.5574202095711588,0.6670206408435592,0.6083314111356594,0.10960043127240038,0.050911201564500574
2024-01-18,0.8853568728902392,0.6670206408435592,0.6154952922018988,-0.21833623204668007,-0.26986158068834043
2024-01-19,1.2389086155502234,0.6670206408435592,0.6192865114690143,-0.5718879747066642,-0.6196221040812091
2024-01-22,0.2112154686163796,0.6670206408435592,0.6489669709175552,0.45580517222717953,0.43775150230117554
2024-01-23,0.2912168815238061,0.777744244399397,0.6389737194915435,0.48652736287559095,0.3477568379677374
2024-01-24,0.1092600875030286,0.777744244399397,0.6309243946270862,0.6684841568963684,0.5216643071240575
2024-01-25,0.5424104491255737,0.777744244399397,0.6296528830978904,0.23533379527382337,0.08724243397231668
2024-01-26,0.1271141763311896,0.777744244399397,0.6319428436448397,0.6506300680682074,0.5048286673136501
2024-01-29,0.7888114660332537,0.777744244399397,0.632650338371848,-0.01106722163385665,-0.15616112766140566
2024-01-30,0.0773663324003484,0.6688943589888174,0.6030889659651053,0.591528026588469,0.5257226335647569
2024-01-31,1.6451917216719614,0.6688943589888174,0.6037554499206526,-0.9762973626831439,-1.0414362717513088
2024-02-01,1.300320423549198,0.6688943589888174,0.6849250710380889,-0.6314260645603806,-0.6153953525111092
2024-02-02,1.04723970491173,0.6688943589888174,0.7149198986375528,-0.37834534592291247,-0.3323198062741771
2024-02-05,0.364784098976414,0.6688943589888174,0.7296548122634049,0.30411026001240343,0.3648707132869909
2024-02-06,0.2898983842984515,0.9545963869895915,0.677554362987103,0.66469800269114,0.38765597868865154
2024-02-07,0.8305843455090923,0.9545963869895915,0.6621007855284634,0.12401204148049916,-0.16848355998062892
2024-02-08,0.04415898720386,0.9545963869895915,0.6737542060474497,0.9104373997857315,0.6295952188435897
2024-02-09,0.5762762379160299,0.9545963869895915,0.672376552212568,0.3783201490735616,0.09610031429653809
2024-02-12,0.0438989102433972,0.9545963869895915,0.6767584210135417,0.9106974767461943,0.6328595107701445
2024-02-13,1.3868779830063311,0.7133165955880184,0.6774657217460985,-0.6735613874183127,-0.7094122612602326
2024-02-14,0.9046433327972844,0.7133165955880184,0.7304361285889296,-0.19132673720926596,-0.17420720420835478
2024-02-15,0.687622517643202,0.7133165955880184,0.7316936945122134,0.025694077944816374,0.04407117686901141
2024-02-16,0.499247791005844,0.7133165955880184,0.7123024554963339,0.21406880458217442,0.21305466449048988
2024-02-20,0.5520592142574142,0.7133165955880184,0.7177219550356687,0.1612573813306042,0.1656627407782545
2024-02-21,0.0905472680427473,0.8339510129273949,0.7314410834124505,0.7434037448846477,0.6408938153697032
2024-02-22,2.0484246307596257,0.8339510129273949,0.6944238659333026,-1.2144736178322306,-1.354000764826323
2024-02-23,0.0689420244596421,0.8339510129273949,0.7726682389700771,0.7650089884677528,0.7037262145104349
2024-02-26,0.3669302612937958,0.8339510129273949,0.7705396128056801,0.46702075163359913,0.40360935151188426
2024-02-27,0.1856086835131644,0.8339510129273949,0.7764708336057106,0.6483423294142305,0.5908621500925462
2024-02-28,0.1322514899462043,0.8608845239755533,0.776079385844923,0.728633034029349,0.6438278958987187
2024-02-29,0.3588459499420105,0.8608845239755533,0.7712603021582076,0.5020385740335427,0.4124143522161971
2024-03-01,0.934447293084189,0.8608845239755533,0.7577251275082,-0.07356276910863568,-0.17672216557598897
2024-03-04,0.107303574163364,0.8608845239755533,0.7592106311374638,0.7535809498121893,0.6519070569740998
2024-03-05,1.0044345482853647,0.8608845239755533,0.7379329268802307,-0.14355002430981145,-0.266501621405134
2024-03-06,0.505439624367425,0.8357444951434685,0.7699907169072083,0.33030487077604354,0.2645510925397834
2024-03-07,0.9877447529646564,0.8357444951434685,0.7722422234744332,-0.15200025782118787,-0.2155025294902232
2024-03-08,0.6020233775915945,0.8357444951434685,0.7865064626114654,0.23372111755187397,0.18448308501987087
2024-03-11,0.0860109681661559,0.8357444951434685,0.7968192657952569,0.7497335269773125,0.7108082976291009
2024-03-12,1.0699717636682442,0.8357444951434685,0.7963473092919962,-0.2342272685247757,-0.27362445437624805
2024-03-13,0.1568576774557133,0.8246476527339193,0.8056110261192431,0.6677899752782059,0.6487533486635297
2024-03-14,0.1978717319491776,0.8246476527339193,0.8065785603658535,0.6267759207847416,0.6087068284166759
2024-03-15,0.6890268015276046,0.8246476527339193,0.7345744366202072,0.13562085120631462,0.04554763509260251
2024-03-18,0.5925380657141395,0.8246476527339193,0.7228579557603236,0.2321095870197798,0.13031989004618416
2024-03-19,0.5541827302811374,0.8246476527339193,0.7079669807523402,0.27046492245278186,0.1537842504712028
2024-03-20,0.9206889136586844,0.717337462709945,0.7055688337845629,-0.2033514509487394,-0.21512007987412152
2024-03-21,0.3298922781341967,0.717337462709945,0.7187413762959055,0.38744518457574834,0.3888490981617088
2024-03-22,0.189743272210264,0.717337462709945,0.7089689566222409,0.527594190499681,0.5192256844119769
2024-03-25,0.2766597121798776,0.717337462709945,0.7116570582869514,0.4406777505300674,0.43499734610707375
2024-03-26,0.1848740052786459,0.717337462709945,0.7114925010662906,0.5324634574312992,0.5266184957876447
2024-03-27,0.8368869366498036,0.6353200669681337,0.7131552637162403,-0.20156686968166992,-0.12373167293356335
2024-03-28,0.0191117139571303,0.6353200669681337,0.6642804764948698,0.6162083530110034,0.6451687625377395
2024-04-01,0.1741386760592587,0.6353200669681337,0.6518342511908777,0.461181390908875,0.477695575131619
2024-04-02,0.6378434865184648,0.6353200669681337,0.6472199598527267,-0.0025234195503310852,0.009376473334261948
2024-04-03,0.1097932398189133,0.6353200669681337,0.6524251986502392,0.5255268271492204,0.5426319588313259
2024-04-04,1.2281257653135604,0.6309041163444601,0.6393846182082671,-0.5972216489691003,-0.5887411471052933
2024-04-05,1.0392606086880196,0.6309041163444601,0.6877483939476784,-0.40835649234355953,-0.3515122147403412
2024-04-08,0.055927872272767,0.6309041163444601,0.6102326010516531,0.5749762440716931,0.5543047287788861
2024-04-09,0.1156063454455997,0.6309041163444601,0.6102463646132179,0.5152977708988604,0.49464001916761824
2024-04-10,1.006345194625137,0.6309041163444601,0.6043656256964036,-0.37544107828067685,-0.4019795689287333
2024-04-11,0.7518345874548402,0.8368323185301275,0.6366583420021724,0.0849977310752873,-0.1151762454526678
2024-04-12,1.3899116445977144,0.8368323185301275,0.647943689702057,-0.5530793260675869,-0.7419679548956575
2024-04-15,1.2607182378261774,0.8368323185301275,0.6992527267235268,-0.4238859192960499,-0.5614655111026506
2024-04-16,0.1825577129632942,0.8368323185301275,0.7158365937464535,0.6542746055668334,0.5332788807831592
2024-04-17,0.5935757700413069,0.8368323185301275,0.7161952739120045,0.2432565484888206,0.12261950387069764
2024-04-18,0.2059888526688224,0.9516944903800248,0.7010275572637082,0.7457056377112025,0.49503870459488586
2024-04-19,0.8766650264171221,0.9516944903800248,0.6941664594262742,0.07502946396290278,-0.18249856699084788
2024-04-22,0.9167051448542956,0.9516944903800248,0.6807136149796281,0.0349893455257293,-0.23599152987466743
2024-04-23,1.1796780401231726,0.9516944903800248,0.6997883844555951,-0.22798354974314772,-0.47988965566757746
2024-04-24,0.0474703039763244,0.9516944903800248,0.7359325644857792,0.9042241864037004,0.6884622605094548
2024-04-25,0.3806194283441744,0.8770837925082297,0.7061971905505129,0.49646436416405526,0.3255777622063385
2024-04-26,0.94292339311136,0.8770837925082297,0.7083920161048773,-0.06583960060313032,-0.23453137700648263
2024-04-29,0.3535232694823003,0.8770837925082297,0.7316007390301699,0.5235605230259294,0.3780774695478696
2024-04-30,1.5967978006631474,0.8770837925082297,0.724099122458154,-0.7197140081549177,-0.8726986782049934
2024-05-01,0.3252433583636344,0.8770837925082297,0.7712671384626467,0.5518404341445953,0.44602378009901233
2024-05-02,0.9309852910502436,0.9583289928775707,0.7633390459438439,0.027343701827327038,-0.1676462451063997
2024-05-03,1.231920144667598,0.9583289928775707,0.7638163255942887,-0.27359115179002735,-0.46810381907330934
2024-05-06,1.027383846219407,0.9583289928775707,0.7983157329586797,-0.06905485334183625,-0.22906811326072718
2024-05-07,0.1102754493375411,0.9583289928775707,0.8225986104489414,0.8480535435400296,0.7123231611114004
2024-05-08,0.0096719511794527,0.9583289928775707,0.8216275301948441,0.9486570416981179,0.8119555790153914
2024-05-09,0.574538924512986,0.8364865616209527,0.8210236465709645,0.26194763710796665,0.24648472205797844
2024-05-10,0.1287279472118581,0.8364865616209527,0.8130459186167005,0.7077586144090946,0.6843179714048424
2024-05-13,0.0134358610674151,0.8364865616209527,0.8134941961014539,0.8230507005535376,0.8000583350340388
2024-05-14,0.4577668137048924,0.8364865616209527,0.8129435135543844,0.3787197479160603,0.355176699849492
2024-05-15,1.2306785941566711,0.8364865616209527,0.8082684198821944,-0.39419203253571844,-0.4224101742744767
2024-05-16,0.2059522433108735,0.7934789958345619,0.8375315211658868,0.5875267525236885,0.6315792778550133
2024-05-17,0.1436274336529358,0.7934789958345619,0.8031596515294072,0.6498515621816261,0.6595322178764713
2024-05-20,0.115162763086003,0.7934789958345619,0.7834449078950423,0.6783162327485589,0.6682821448090392
2024-05-21,0.244970022129263,0.7934789958345619,0.7834825700396416,0.5485089737052989,0.5385125479103786
2024-05-22,0.2883431152048528,0.7934789958345619,0.7840861152409343,0.5051358806297092,0.4957430000360815
2024-05-23,0.7331204647385968,0.6163444716484978,0.7605002420337953,-0.116775993090099,0.02737977729519847
2024-05-24,0.6594602133845969,0.6163444716484978,0.764946309980175,-0.04311574173609911,0.10548609659557806
2024-05-28,0.0698625837484898,0.6163444716484978,0.7221573152553143,0.546481887900008,0.6522947315068246
2024-05-29,0.7027382409591512,0.6163444716484978,0.6737238997611865,-0.08639376931065335,-0.029014341197964644
2024-05-30,0.665567956599888,0.6163444716484978,0.6894476748641009,-0.04922348495139017,0.023879718264212868
2024-05-31,0.9066984576428748,0.7345283533997232,0.692230906692817,-0.1721701042431516,-0.21446755095005787
2024-06-03,0.0814908291881459,0.7345283533997232,0.7025767259888238,0.6530375242115773,0.6210858968006779
2024-06-04,0.1117265570743199,0.7345283533997232,0.6740444357318838,0.6228017963254033,0.5623178786575639
2024-06-05,1.1815107203701696,0.7345283533997232,0.6609516442324429,-0.44698236697044635,-0.5205590761377267
2024-06-06,0.0018523184051498,0.7345283533997232,0.6610467353622004,0.7326760349945735,0.6591944169570506
2024-06-07,0.1216598749885037,0.7270307654655429,0.66054340385957,0.6053708904770392,0.5388835288710663
2024-06-10,0.3085007684025449,0.7270307654655429,0.6545273571154463,0.418529997062998,0.3460265887129014
2024-06-11,0.2405560290063579,0.7270307654655429,0.6396479498676111,0.48647473645918504,0.3990919208612532
2024-06-12,0.8179448608894144,0.7270307654655429,0.638892953771262,-0.09091409542387152,-0.17905190711815244
2024-06-13,0.2011254119861179,0.7270307654655429,0.5550759136249739,0.525905353479425,0.353950501638856
2024-06-14,0.0608316230443597,0.627297091173075,0.54442559831545,0.5664654681287152,0.4835939752710903
2024-06-17,0.7927323727802357,0.627297091173075,0.5309704231021538,-0.1654352816071607,-0.26176194967808186
2024-06-18,0.2537612548146752,0.627297091173075,0.50825559932614,0.37353583635839976,0.25449434451146474
2024-06-20,0.2720254965052706,0.627297091173075,0.48528162569246425,0.3552715946678044,0.21325612918719367
2024-06-21,0.1341507182864606,0.627297091173075,0.4926784204197515,0.49314637288661434,0.3585277021332909
2024-06-24,0.3255919547209878,0.5833591444208501,0.49515812775675977,0.25776718969986234,0.16956617303577198
2024-06-25,0.3843358589773127,0.5833591444208501,0.49783678832011247,0.19902328544353742,0.11350092934279976
2024-06-26,0.1247378106597345,0.5833591444208501,0.4996032918012561,0.45862133376111563,0.37486548114152163
2024-06-27,0.1574991633483424,0.5833591444208501,0.4988836727759339,0.4258599810725077,0.34138450942759146
2024-06-28,0.3942828835853001,0.5833591444208501,0.4958006579571177,0.18907626083555001,0.10151777437181758
2024-07-01,0.2056138515905159,0.5564848654492399,0.4617749597348366,0.350871013858724,0.2561611081443207
2024-07-02,0.6707346814495873,0.5564848654492399,0.45846219407703775,-0.11424981600034734,-0.2122724873725495
2024-07-03,0.4452478888448919,0.5564848654492399,0.4695983352402911,0.111236976604348,0.024350446395399183
2024-07-05,0.5749921819444149,0.5564848654492399,0.47305266627554277,-0.018507316495175008,-0.10193951566887216
2024-07-08,0.1153318908460997,0.5564848654492399,0.4793096558500393,0.44115297460314024,0.36397776500393964
2024-07-09,0.0971924703203823,0.5533951275536405,0.4720848460311033,0.4562026572332582,0.374892375710721
2024-07-10,0.9846643936390638,0.5533951275536405,0.4407880657624042,-0.43126926608542326,-0.5438763278766596
2024-07-11,0.8659842723666649,0.5533951275536405,0.4563339840668261,-0.31258914481302436,-0.40965028829983874
2024-07-12,0.6287592655747126,0.5533951275536405,0.4961830606726792,-0.07536413802107211,-0.13257620490203342
2024-07-15,0.2746512793923752,0.5533951275536405,0.474072009545138,0.2787438481612653,0.1994207301527628
2024-07-16,0.5912379055716771,0.673855431031964,0.4436943159194121,0.08261752546028689,-0.147543589652265
2024-07-17,1.4120240564024378,0.673855431031964,0.4311594268372453,-0.7381686253704738,-0.9808646295651925
2024-07-18,0.7714660203140911,0.673855431031964,0.525872941328087,-0.09761058928212707,-0.24559307898600402
2024-07-19,0.6662788945031607,0.673855431031964,0.5543492214012128,0.0075765365288033015,-0.1119296731019479
2024-07-22,1.0257296830807423,0.673855431031964,0.5394384872022244,-0.3518742520487783,-0.4862911958785179
2024-07-23,0.156973833481417,0.91130454048116,0.5648501510477981,0.754330706999743,0.4078763175663811
2024-07-24,2.292338939844813,0.91130454048116,0.5654358434690357,-1.381034399363653,-1.7269030963757772
2024-07-25,0.5223930049926091,0.91130454048116,0.7166047963661057,0.38891153548855095,0.19421179137349665
2024-07-26,1.1137532149954434,0.91130454048116,0.7229435523729829,-0.2024486745142834,-0.39080966262246053
2024-07-29,0.0587514524785046,0.91130454048116,0.7361025813796205,0.8525530880026555,0.6773511289011159
2024-07-30,0.5079318909130472,1.0562984043647365,0.7354175440650905,0.5483665134516893,0.22748565315204328
2024-07-31,1.6123923324570313,1.0562984043647365,0.7417632177225111,-0.5560939280922947,-0.8706291147345202
2024-08-01,1.4262321830854483,1.0562984043647365,0.7855464811690683,-0.36993377872071176,-0.64068570191638
2024-08-02,1.8793877293572268,1.0562984043647365,0.8280190008859112,-0.8230893249924902,-1.0513687284713156
2024-08-05,2.9556148981890664,1.0562984043647365,0.8940751684034127,-1.8993164938243299,-2.061539729785654
2024-08-06,0.9177426487773648,1.8146442922801385,1.0372945034073928,0.8969016435027737,0.11955185463002804
2024-08-07,0.670660270423625,1.8146442922801385,1.055556137180249,1.1439840218565136,0.3848958667566241
2024-08-08,2.2854145387280997,1.8146442922801385,1.0554410511578718,-0.4707702464479613,-1.229973487570228
2024-08-09,0.4399998921796559,1.8146442922801385,1.1456925110284475,1.3746444001004825,0.7056926188487915
2024-08-12,0.0525267154718768,1.8146442922801385,1.1489707151878632,1.7621175768082618,1.0964439997159865
2024-08-13,1.6311848742340496,1.3529313809260697,1.147686973701606,-0.2782534933079799,-0.48349790053244357
2024-08-14,0.3149929334443642,1.3529313809260697,1.1881932267109427,1.0379384474817055,0.8732002932665786
2024-08-15,1.6994927720332405,1.3529313809260697,1.1828226486656366,-0.34656139110717077,-0.5166701233676039
2024-08-16,0.2239596849682214,1.3529313809260697,1.221800601686695,1.1289716959578482,0.9978409167184735
2024-08-19,0.95160089312214,1.3529313809260697,1.2178749351544242,0.40133048780392966,0.2662740420322842
2024-08-20,0.1627495677461856,1.1438156342055306,1.2301613338008621,0.9810660664593449,1.0674117660546765
2024-08-21,0.3430679864506336,1.1438156342055306,1.2305572031989818,0.8007476477548969,0.8874892167483481
2024-08-22,0.7879362786788189,1.1438156342055306,1.2186818199165441,0.3558793555267117,0.43074554123772524
2024-08-23,1.0569109736273368,1.1438156342055306,1.2168605306344435,0.0869046605781938,0.15994955700710678
2024-08-26,0.2386431076218009,1.1438156342055306,1.2269767011477875,0.9051725265837296,0.9883335935259865
2024-08-27,0.1371794942035593,0.8937788725655211,1.2267769644078204,0.7565993783619618,1.089597470204261
2024-08-28,0.5821878230153213,0.8937788725655211,1.2219665001655113,0.3115910495501998,0.63977867715019
2024-08-29,0.0089413102637632,0.8937788725655211,1.1985257214816176,0.8848375623017579,1.1895844112178544
2024-08-30,0.9500685861501328,0.8937788725655211,1.1894563010236094,-0.056289713584611656,0.23938771487347665
2024-09-03,2.079384114690113,0.8937788725655211,1.1932370182458598,-1.185605242124592,-0.8861470964442533
2024-09-04,0.2048702123771822,1.1848063110901597,1.242738709120597,0.9799360987129775,1.0378684967434149
2024-09-05,0.2435256819633838,1.1848063110901597,1.242957498979352,0.9412806291267759,0.9994318170159682
2024-09-06,1.69733275867793,1.1848063110901597,1.167636919936487,-0.5125264475877704,-0.529695838741443
2024-09-09,1.113392506144728,1.1848063110901597,1.2065951152843157,0.07141380494543159,0.09320260913958767
2024-09-10,0.4346228611150365,1.1848063110901597,1.206583760082587,0.7501834499751232,0.7719608989675506
2024-09-11,1.0206698579257474,1.065018585888758,1.2090345630115433,0.04434872796301059,0.18836470508579595
2024-09-12,0.8388182308203371,1.065018585888758,1.2179964973334132,0.22620035506842084,0.37917826651307607
2024-09-13,0.5209080065134027,1.065018585888758,1.1922544686131056,0.5441105793753552,0.6713464620997028
2024-09-16,0.1475837283257173,1.065018585888758,1.1617435710897297,0.9174348575630407,1.0141598427640124
2024-09-17,0.0408539060145833,1.065018585888758,1.0990243359227188,1.0241646798741746,1.0581704299081354
2024-09-18,0.2970454353003045,0.7924394751969848,0.9266652806546134,0.4953940398966803,0.6296198453543089
2024-09-19,1.6920749762434777,0.7924394751969848,0.9244699563419496,-0.8996355010464929,-0.7676050199015281
2024-09-20,0.1730317500077786,0.7924394751969848,0.9444993957947782,0.6194077251892062,0.7714676457869996
2024-09-23,0.2495787596560366,0.7924394751969848,0.8719931686393939,0.5428607155409482,0.6224144089833573
2024-09-24,0.2857182859999712,0.7924394751969848,0.8711677872790334,0.5067211891970136,0.5854495012790623
2024-09-25,0.2208009882343721,0.7727862174888314,0.8705507908259378,0.5519852292544593,0.6497498025915657
2024-09-26,0.395696110747365,0.7727862174888314,0.8333539950744165,0.37709010674146637,0.43765788432705155
2024-09-27,0.1451451782586848,0.7727862174888314,0.8339411876924698,0.6276410392301466,0.688796009433785
2024-09-30,0.399929891375139,0.7727862174888314,0.7846506675056663,0.37285632611369235,0.38472077613052724
2024-10-01,0.899875505320925,0.7727862174888314,0.7861163994717727,-0.1270892878320936,-0.11375910584915228
2024-10-02,0.0421765631499407,0.7379531816096312,0.7916555923790349,0.6957766184596905,0.7494790292290943
2024-10-03,0.1829851344202684,0.7379531816096312,0.7905198071359105,0.5549680471893628,0.6075346727156421
2024-10-04,0.9046383469440272,0.7379531816096312,0.7900945252977901,-0.16668516533439603,-0.11454382164623711
2024-10-07,0.9081597315396568,0.7379531816096312,0.7884229983251597,-0.1702065499300256,-0.11973673321449707
2024-10-08,0.9413109760801184,0.7379531816096312,0.7885981083217652,-0.20335779447048719,-0.15271286775835313
2024-10-09,0.6902497885481701,0.8148301673648765,0.8033204752236022,0.12458037881670636,0.11307068667543207
2024-10-10,0.1751353944252925,0.8148301673648765,0.8109172576114063,0.639694772939584,0.6357818631861138
2024-10-11,0.5970268023691283,0.8148301673648765,0.8024456047932607,0.21780336499574815,0.20541880242413235
2024-10-14,0.8144979827436554,0.8148301673648765,0.806935990125159,0.0003321846212210877,-0.007561992618496327
2024-10-15,0.7799944610488982,0.8148301673648765,0.8025795677810098,0.03483570631597821,0.02258510673211156
2024-10-16,0.433710306881837,0.7877772634102694,0.7088140530631287,0.35406695652843245,0.27510374618129174
2024-10-17,0.0085679816716956,0.7877772634102694,0.7066479966249216,0.7792092817385738,0.698080014953226
2024-10-18,0.3839382831854934,0.7877772634102694,0.7027454779833536,0.40383898022477605,0.31880719479786024
2024-10-21,0.1643523139226595,0.7877772634102694,0.6045351545536648,0.62342494948761,0.4401828406310053
2024-10-22,0.0531320739500331,0.7877772634102694,0.5880310657277176,0.7346451894602364,0.5348989917776845
2024-10-23,0.9179582112508516,0.6065838713824498,0.5889168903021705,-0.3113743398684018,-0.3290413209486811
2024-10-24,0.2160359570873242,0.6065838713824498,0.6034868184991378,0.39054791429512564,0.38745086141181356
2024-10-25,0.034524938803047,0.6065838713824498,0.5894882613168437,0.5720589325794029,0.5549633225137968
2024-10-28,0.308655397583354,0.6065838713824498,0.5854383798607138,0.29792847379909587,0.2767829822773598
2024-10-29,0.1617178530827376,0.6065838713824498,0.5865352171210108,0.4448660182997123,0.4248173640382732
2024-10-30,0.3029901447485615,0.5825844560595745,0.5864228480919457,0.27959431131101303,0.28343270334338416
2024-10-31,1.979777529280187,0.5825844560595745,0.5865693064555665,-1.3971930732206124,-1.3932082228246205
2024-11-01,0.4211706642141598,0.5825844560595745,0.6285753317846042,0.16141379184541477,0.20740466757044446
2024-11-04,0.215643396335123,0.5825844560595745,0.6323986416025117,0.36694105972445157,0.4167552452673887
2024-11-05,1.201918491476833,0.5825844560595745,0.6321856459235546,-0.6193340354172585,-0.5697328455532784
2024-11-06,2.456169136705787,0.9397184875092232,0.6675636065228735,-1.516450649196564,-1.7886055301829136
2024-11-07,0.7702217397189707,0.9397184875092232,0.798724020674325,0.16949674779025248,0.028502280955354342
2024-11-08,0.4322461365743317,0.9397184875092232,0.806065438428919,0.5074723509348915,0.3738193018545873
2024-11-11,0.0952327993344387,0.9397184875092232,0.806086479970471,0.8444856881747844,0.7108536806360323
2024-11-12,0.3111066687738877,0.9397184875092232,0.8047775807848349,0.6286118187353354,0.49367091201094715
2024-11-13,0.0485546397372452,0.9492602856643462,0.7854362562043552,0.900705645927101,0.73688161646711
2024-11-14,0.6450760010016545,0.9492602856643462,0.7854036249855658,0.30418428466269165,0.1403276239839113
2024-11-15,1.2891483709558975,0.9492602856643462,0.7968504658177876,-0.33988808529155135,-0.4922979051381099
2024-11-18,0.4089038602607004,0.9492602856643462,0.8250491941051339,0.5403564254036457,0.4161453338444335
2024-11-19,0.3648915102352665,0.9492602856643462,0.805831441096007,0.5843687754290796,0.4409399308607405
2024-11-20,0.0338664828242031,0.8511929369817575,0.7922661769505287,0.8173264541575543,0.7583996941263256
2024-11-21,0.5353994489823422,0.8511929369817575,0.7843752236275549,0.3157934879994153,0.2489757746452127
2024-11-22,0.3094705505516888,0.8511929369817575,0.7872439586489993,0.5417223864300686,0.4777734080973105
2024-11-25,0.3386364501621333,0.8511929369817575,0.7827208443292879,0.5125564868196242,0.4440843941671546
2024-11-26,0.5207692294964413,0.8511929369817575,0.7722926911230019,0.33042370748531613,0.2515234616265606
2024-11-27,0.3034584391838552,0.660706449569823,0.7590644782713747,0.3572480103859679,0.4556060390875195
2024-11-29,0.6192834494583273,0.660706449569823,0.7604184271654937,0.0414230001114958,0.14113497770716643
2024-12-02,0.1790826263709526,0.660706449569823,0.7662242377307031,0.4816238231988704,0.5871416113597505
2024-12-03,0.0463631549362867,0.660706449569823,0.7646437159347362,0.6143432946335363,0.7182805609984495
2024-12-04,0.6190208540564264,0.660706449569823,0.7630328435857215,0.04168559551339668,0.14401198952929517
2024-12-05,0.164689018650016,0.6042930328095002,0.7678136705743422,0.4396040141594842,0.6031246519243263
2024-12-06,0.1893900036171899,0.6042930328095002,0.7441002723416169,0.41490302919231026,0.554710268724427
2024-12-09,0.5163081346124972,0.6042930328095002,0.7440486751993693,0.08798489819700295,0.2277405405868721
2024-12-10,0.3113730983736724,0.6042930328095002,0.7535416928393668,0.2929199344358278,0.4421685944656944
2024-12-11,0.7700702875276357,0.6042930328095002,0.757375091961793,-0.16577725471813554,-0.012695195565842754
2024-12-12,0.5165755188186189,0.6404909560806096,0.7665155404167056,0.12391543726199072,0.2499400215980867
2024-12-13,0.0198637893104017,0.6404909560806096,0.7717845614803676,0.6206271667702079,0.7519207721699659
2024-12-16,0.4260760302380281,0.6404909560806096,0.6615038744910032,0.21441492584258148,0.23542784425297514
2024-12-17,0.4128399374967782,0.6404909560806096,0.6615604583626072,0.22765101858383135,0.24872052086582902
2024-12-18,3.0256504396854544,0.6404909560806096,0.6668162366649794,-2.385159483604845,-2.358834203020475
2024-12-19,0.0307306174788243,1.4506211748900413,0.8643258221499849,1.419890557411217,0.8335952046711606
2024-12-20,1.1939453918031324,1.4506211748900413,0.7357822674691357,0.25667578308690886,-0.45816312433399675
2024-12-23,0.5970455154716336,1.4506211748900413,0.755437303295098,0.8535756594184076,0.1583917878234643
2024-12-24,1.105357244675989,1.4506211748900413,0.7593819541682201,0.34526393021405233,-0.3459752905077689
2024-12-26,0.0066692820738706,1.4506211748900413,0.7860593934804072,1.4439518928161708,0.7793901114065366
2024-12-27,1.0582380600210406,1.037583922722439,0.7835066366361284,-0.02065413729860155,-0.2747314233849122
2024-12-30,1.147709261433958,1.037583922722439,0.8085480364451071,-0.11012533871151886,-0.3391612249888508
